id;nome;cpf;rg;data_nasc;sexo;mae;pai;email;cep;endereco;numero;bairro;cidade;estado;telefone_fixo;celular;altura;peso;tipo_sangue
1;Home Loan Account;Stand-alone teal;intangible Kentucky Home;2021-01-11;Chicken backing up;withdrawal Avon;Small Chief;Fabiola_Metz@yahoo.com;program Yuan Renminbi;payment initiatives Total;Legacy Cloned;Granite Applications;convergence Auto Loan Account matrix;Towels Tasty wireless;Delaware Netherlands Chips;XSS bifurcated Berkshire;18527;15233;Division payment
2;contextually-based;Highway Home Loan Account;invoice;2021-01-11;Tactics Cotton Czech Koruna;Liaison visionary hack;software;Jaden_Jaskolski24@gmail.com;Books;Soft GB Organized;Seamless;AI back up Home;Practical Metal Ball Intelligent;Representative Refined Metal Fish;Centralized Auto Loan Account Arizona;indexing;33492;6928;Salad Games olive
3;solid state rich Officer;Viaduct Rubber Beauty;monitor;2021-01-11;Bedfordshire payment users;Global Principal Re-contextualized;Soft deposit;Gabriella25@yahoo.com;Libyan Arab Jamahiriya local;Liaison;Democratic People's Republic of Korea;Mandatory Fish alarm;Buckinghamshire blue Human;virtual Washington Kuwaiti Dinar;Bedfordshire copying architectures;Fresh;80848;52453;initiative
4;invoice Health Metal;multi-tasking;Small Cotton Chicken;2021-01-11;Strategist moratorium Village;reboot program;multi-tasking Engineer Investment Account;Gilbert_Klein85@gmail.com;Technician;budgetary management port Personal Loan Account;overriding;Utah;zero administration;Shirt Games program;RAM Infrastructure;Minnesota moderator;39314;32611;Horizontal Unbranded payment
5;Hat;deposit;emulation GB Money Market Account;2021-01-11;transitional Bedfordshire;experiences Legacy;24/7;Leopoldo.Heathcote8@hotmail.com;parsing Netherlands Antillian Guilder;Mexico panel;JSON Associate maroon;copy Gorgeous protocol;Concrete Synchronised Cheese;Connecticut infrastructure;platforms;Incredible Soft Fish Factors 4th generation;74506;83023;Handcrafted
6;Ranch Generic Venezuela;magnetic;generating FTP;2021-01-11;Configuration Vista;installation;functionalities;Benton_Altenwerth97@hotmail.com;open-source brand directional;Personal Loan Account;Cotton;Rustic;Intelligent Rubber Computer invoice;Buckinghamshire;Sleek;Accounts;65193;41990;black Garden
7;generating South Dakota Handcrafted Wooden Car;Avon;demand-driven Loaf;2021-01-11;Licensed wireless Adaptive;program metrics;application Refined microchip;Xzavier.Dietrich@hotmail.com;Refined Steel Hat;Principal Colombia synergies;Bedfordshire;Total Industrial;Soap;Guarani Supervisor;Riel;Reverse-engineered;43642;58147;New York parsing override
8;SQL;Decentralized optical;6th generation;2021-01-11;synergies Berkshire Indian Rupee;invoice;program;Warren.Halvorson@hotmail.com;USB Hryvnia;Handmade TCP;drive;neural-net Principal card;interfaces auxiliary;Corporate Architect Texas;matrices neural Usability;Mission;8718;34545;Fish invoice
9;Generic Metal Sausages;quantify overriding bluetooth;scale Small;2021-01-12;5th generation protocol upward-trending;Chief killer;Row matrices Rustic;Garfield_Jacobson86@gmail.com;aggregate digital;Small Global;bypass Borders deposit;Lake experiences;open-source Lilangeni;sky blue Gorgeous;Pre-emptive;Rhode Island Cheese Cayman Islands Dollar;44629;17051;drive Central
10;front-end Incredible;networks rich lavender;tan;2021-01-11;parsing;Response Generic Investment Account;compress Bike visualize;Elliot.Jaskolski34@gmail.com;Fantastic;scale Integrated;Stand-alone Electronics;XSS;ADP Montana;pink Security;synergistic;ivory Ridge paradigms;70251;73331;lavender Czech Koruna
